{
  "docusaurus-plugin-content-docs": {
    "default": {
      "loadedVersions": [
        {
          "versionName": "current",
          "label": "Next",
          "banner": null,
          "badge": false,
          "noIndex": false,
          "className": "docs-version-current",
          "path": "/docs",
          "tagsPath": "/docs/tags",
          "editUrl": "https://github.com/facebook/docusaurus/tree/main/packages/create-docusaurus/templates/shared/docs",
          "editUrlLocalized": "https://github.com/facebook/docusaurus/tree/main/packages/create-docusaurus/templates/shared/i18n/zh/docusaurus-plugin-content-docs/current",
          "isLast": true,
          "routePriority": -1,
          "sidebarFilePath": "C:\\Users\\rexme\\OneDrive\\rexmen\\GithubBlog\\codetenshu\\sidebars.js",
          "contentPath": "C:\\Users\\rexme\\OneDrive\\rexmen\\GithubBlog\\codetenshu\\docs",
          "contentPathLocalized": "C:\\Users\\rexme\\OneDrive\\rexmen\\GithubBlog\\codetenshu\\i18n\\zh\\docusaurus-plugin-content-docs\\current",
          "docs": [
            {
              "unversionedId": "intro",
              "id": "intro",
              "title": "Tutorial Intro",
              "description": "Let's discover Docusaurus in less than 5 minutes.",
              "source": "@site/docs/intro.md",
              "sourceDirName": ".",
              "slug": "/intro",
              "permalink": "/docs/intro",
              "draft": false,
              "editUrl": "https://github.com/facebook/docusaurus/tree/main/packages/create-docusaurus/templates/shared/docs/intro.md",
              "tags": [],
              "version": "current",
              "sidebarPosition": 1,
              "frontMatter": {
                "sidebar_position": 1
              },
              "sidebar": "tutorialSidebar",
              "next": {
                "title": "Tutorial - Basics",
                "permalink": "/docs/category/tutorial---basics"
              }
            },
            {
              "unversionedId": "tutorial-basics/congratulations",
              "id": "tutorial-basics/congratulations",
              "title": "Congratulations!",
              "description": "You have just learned the basics of Docusaurus and made some changes to the initial template.",
              "source": "@site/docs/tutorial-basics/congratulations.md",
              "sourceDirName": "tutorial-basics",
              "slug": "/tutorial-basics/congratulations",
              "permalink": "/docs/tutorial-basics/congratulations",
              "draft": false,
              "editUrl": "https://github.com/facebook/docusaurus/tree/main/packages/create-docusaurus/templates/shared/docs/tutorial-basics/congratulations.md",
              "tags": [],
              "version": "current",
              "sidebarPosition": 6,
              "frontMatter": {
                "sidebar_position": 6
              },
              "sidebar": "tutorialSidebar",
              "previous": {
                "title": "Deploy your site",
                "permalink": "/docs/tutorial-basics/deploy-your-site"
              },
              "next": {
                "title": "Tutorial - Extras",
                "permalink": "/docs/category/tutorial---extras"
              }
            },
            {
              "unversionedId": "tutorial-basics/create-a-blog-post",
              "id": "tutorial-basics/create-a-blog-post",
              "title": "Create a Blog Post",
              "description": "Docusaurus creates a page for each blog post, but also a blog index page, a tag system, an RSS feed...",
              "source": "@site/docs/tutorial-basics/create-a-blog-post.md",
              "sourceDirName": "tutorial-basics",
              "slug": "/tutorial-basics/create-a-blog-post",
              "permalink": "/docs/tutorial-basics/create-a-blog-post",
              "draft": false,
              "editUrl": "https://github.com/facebook/docusaurus/tree/main/packages/create-docusaurus/templates/shared/docs/tutorial-basics/create-a-blog-post.md",
              "tags": [],
              "version": "current",
              "sidebarPosition": 3,
              "frontMatter": {
                "sidebar_position": 3
              },
              "sidebar": "tutorialSidebar",
              "previous": {
                "title": "Create a Document",
                "permalink": "/docs/tutorial-basics/create-a-document"
              },
              "next": {
                "title": "Markdown Features",
                "permalink": "/docs/tutorial-basics/markdown-features"
              }
            },
            {
              "unversionedId": "tutorial-basics/create-a-document",
              "id": "tutorial-basics/create-a-document",
              "title": "Create a Document",
              "description": "Documents are groups of pages connected through:",
              "source": "@site/docs/tutorial-basics/create-a-document.md",
              "sourceDirName": "tutorial-basics",
              "slug": "/tutorial-basics/create-a-document",
              "permalink": "/docs/tutorial-basics/create-a-document",
              "draft": false,
              "editUrl": "https://github.com/facebook/docusaurus/tree/main/packages/create-docusaurus/templates/shared/docs/tutorial-basics/create-a-document.md",
              "tags": [],
              "version": "current",
              "sidebarPosition": 2,
              "frontMatter": {
                "sidebar_position": 2
              },
              "sidebar": "tutorialSidebar",
              "previous": {
                "title": "Create a Page",
                "permalink": "/docs/tutorial-basics/create-a-page"
              },
              "next": {
                "title": "Create a Blog Post",
                "permalink": "/docs/tutorial-basics/create-a-blog-post"
              }
            },
            {
              "unversionedId": "tutorial-basics/create-a-page",
              "id": "tutorial-basics/create-a-page",
              "title": "Create a Page",
              "description": "Add Markdown or React files to src/pages to create a standalone page:",
              "source": "@site/docs/tutorial-basics/create-a-page.md",
              "sourceDirName": "tutorial-basics",
              "slug": "/tutorial-basics/create-a-page",
              "permalink": "/docs/tutorial-basics/create-a-page",
              "draft": false,
              "editUrl": "https://github.com/facebook/docusaurus/tree/main/packages/create-docusaurus/templates/shared/docs/tutorial-basics/create-a-page.md",
              "tags": [],
              "version": "current",
              "sidebarPosition": 1,
              "frontMatter": {
                "sidebar_position": 1
              },
              "sidebar": "tutorialSidebar",
              "previous": {
                "title": "Tutorial - Basics",
                "permalink": "/docs/category/tutorial---basics"
              },
              "next": {
                "title": "Create a Document",
                "permalink": "/docs/tutorial-basics/create-a-document"
              }
            },
            {
              "unversionedId": "tutorial-basics/deploy-your-site",
              "id": "tutorial-basics/deploy-your-site",
              "title": "Deploy your site",
              "description": "Docusaurus is a static-site-generator (also called Jamstack).",
              "source": "@site/docs/tutorial-basics/deploy-your-site.md",
              "sourceDirName": "tutorial-basics",
              "slug": "/tutorial-basics/deploy-your-site",
              "permalink": "/docs/tutorial-basics/deploy-your-site",
              "draft": false,
              "editUrl": "https://github.com/facebook/docusaurus/tree/main/packages/create-docusaurus/templates/shared/docs/tutorial-basics/deploy-your-site.md",
              "tags": [],
              "version": "current",
              "sidebarPosition": 5,
              "frontMatter": {
                "sidebar_position": 5
              },
              "sidebar": "tutorialSidebar",
              "previous": {
                "title": "Markdown Features",
                "permalink": "/docs/tutorial-basics/markdown-features"
              },
              "next": {
                "title": "Congratulations!",
                "permalink": "/docs/tutorial-basics/congratulations"
              }
            },
            {
              "unversionedId": "tutorial-basics/markdown-features",
              "id": "tutorial-basics/markdown-features",
              "title": "Markdown Features",
              "description": "Docusaurus supports Markdown and a few additional features.",
              "source": "@site/docs/tutorial-basics/markdown-features.mdx",
              "sourceDirName": "tutorial-basics",
              "slug": "/tutorial-basics/markdown-features",
              "permalink": "/docs/tutorial-basics/markdown-features",
              "draft": false,
              "editUrl": "https://github.com/facebook/docusaurus/tree/main/packages/create-docusaurus/templates/shared/docs/tutorial-basics/markdown-features.mdx",
              "tags": [],
              "version": "current",
              "sidebarPosition": 4,
              "frontMatter": {
                "sidebar_position": 4
              },
              "sidebar": "tutorialSidebar",
              "previous": {
                "title": "Create a Blog Post",
                "permalink": "/docs/tutorial-basics/create-a-blog-post"
              },
              "next": {
                "title": "Deploy your site",
                "permalink": "/docs/tutorial-basics/deploy-your-site"
              }
            },
            {
              "unversionedId": "tutorial-extras/manage-docs-versions",
              "id": "tutorial-extras/manage-docs-versions",
              "title": "Manage Docs Versions",
              "description": "Docusaurus can manage multiple versions of your docs.",
              "source": "@site/docs/tutorial-extras/manage-docs-versions.md",
              "sourceDirName": "tutorial-extras",
              "slug": "/tutorial-extras/manage-docs-versions",
              "permalink": "/docs/tutorial-extras/manage-docs-versions",
              "draft": false,
              "editUrl": "https://github.com/facebook/docusaurus/tree/main/packages/create-docusaurus/templates/shared/docs/tutorial-extras/manage-docs-versions.md",
              "tags": [],
              "version": "current",
              "sidebarPosition": 1,
              "frontMatter": {
                "sidebar_position": 1
              },
              "sidebar": "tutorialSidebar",
              "previous": {
                "title": "Tutorial - Extras",
                "permalink": "/docs/category/tutorial---extras"
              },
              "next": {
                "title": "Translate your site",
                "permalink": "/docs/tutorial-extras/translate-your-site"
              }
            },
            {
              "unversionedId": "tutorial-extras/translate-your-site",
              "id": "tutorial-extras/translate-your-site",
              "title": "Translate your site",
              "description": "Let's translate docs/intro.md to French.",
              "source": "@site/docs/tutorial-extras/translate-your-site.md",
              "sourceDirName": "tutorial-extras",
              "slug": "/tutorial-extras/translate-your-site",
              "permalink": "/docs/tutorial-extras/translate-your-site",
              "draft": false,
              "editUrl": "https://github.com/facebook/docusaurus/tree/main/packages/create-docusaurus/templates/shared/docs/tutorial-extras/translate-your-site.md",
              "tags": [],
              "version": "current",
              "sidebarPosition": 2,
              "frontMatter": {
                "sidebar_position": 2
              },
              "sidebar": "tutorialSidebar",
              "previous": {
                "title": "Manage Docs Versions",
                "permalink": "/docs/tutorial-extras/manage-docs-versions"
              }
            }
          ],
          "drafts": [],
          "sidebars": {
            "tutorialSidebar": [
              {
                "type": "doc",
                "id": "intro"
              },
              {
                "type": "category",
                "label": "Tutorial - Basics",
                "collapsible": true,
                "collapsed": true,
                "items": [
                  {
                    "type": "doc",
                    "id": "tutorial-basics/create-a-page"
                  },
                  {
                    "type": "doc",
                    "id": "tutorial-basics/create-a-document"
                  },
                  {
                    "type": "doc",
                    "id": "tutorial-basics/create-a-blog-post"
                  },
                  {
                    "type": "doc",
                    "id": "tutorial-basics/markdown-features"
                  },
                  {
                    "type": "doc",
                    "id": "tutorial-basics/deploy-your-site"
                  },
                  {
                    "type": "doc",
                    "id": "tutorial-basics/congratulations"
                  }
                ],
                "link": {
                  "type": "generated-index",
                  "description": "5 minutes to learn the most important Docusaurus concepts.",
                  "slug": "/category/tutorial---basics",
                  "permalink": "/docs/category/tutorial---basics"
                }
              },
              {
                "type": "category",
                "label": "Tutorial - Extras",
                "collapsible": true,
                "collapsed": true,
                "items": [
                  {
                    "type": "doc",
                    "id": "tutorial-extras/manage-docs-versions"
                  },
                  {
                    "type": "doc",
                    "id": "tutorial-extras/translate-your-site"
                  }
                ],
                "link": {
                  "type": "generated-index",
                  "slug": "/category/tutorial---extras",
                  "permalink": "/docs/category/tutorial---extras"
                }
              }
            ]
          }
        }
      ]
    }
  },
  "docusaurus-plugin-content-blog": {
    "default": {
      "blogSidebarTitle": "Recent posts",
      "blogPosts": [
        {
          "id": "2022-12-27-docusaurus-github-pages",
          "metadata": {
            "permalink": "/blog/2022-12-27-docusaurus-github-pages",
            "editUrl": "https://github.com/facebook/docusaurus/tree/main/packages/create-docusaurus/templates/shared/blog/2022-12-27-docusaurus-github-pages/index.md",
            "source": "@site/blog/2022-12-27-docusaurus-github-pages/index.md",
            "title": "Docusaurus搭配Github Pages建置免費個人部落格",
            "description": "先前介紹過一套靜態網站產生器 (Static Site Generator, SSG) — Jekyll，可完美搭配GitHub Pages使用，快速產生個人Blog建置。而今天要介紹另一套高效有趣的靜態網站產生器 — Docusaurus，有著相當可愛的恐龍Logo，他是由Facebook發起的開源專案 (正確說是Meta)。Jekyll使用的是Ruby作為建構基礎，而Docusaurus則是以node.js作為建置核心，若對node.js較為熟悉的朋友則可以快速的上手與使用。",
            "date": "2022-12-27T00:00:00.000Z",
            "formattedDate": "2022年12月27日",
            "tags": [
              {
                "label": "SSG",
                "permalink": "/blog/tags/ssg"
              }
            ],
            "readingTime": 10.24,
            "hasTruncateMarker": false,
            "authors": [
              {
                "name": "雷哥",
                "title": "程式天守閣站長",
                "url": "http://rexmenlin.github.io",
                "imageURL": "https://github.com/rexmenlin.png",
                "key": "rexmenlin"
              }
            ],
            "frontMatter": {
              "slug": "2022-12-27-docusaurus-github-pages",
              "title": "Docusaurus搭配Github Pages建置免費個人部落格",
              "authors": [
                "rexmenlin"
              ],
              "tags": [
                "SSG"
              ]
            },
            "nextItem": {
              "title": "Docker Desktop安裝筆記 (Windows版本)",
              "permalink": "/blog/2022-11-7-docker-01"
            }
          },
          "content": "先前介紹過一套靜態網站產生器 (Static Site Generator, SSG) — Jekyll，可完美搭配GitHub Pages使用，快速產生個人Blog建置。而今天要介紹另一套高效有趣的靜態網站產生器 — Docusaurus，有著相當可愛的恐龍Logo，他是由Facebook發起的開源專案 (正確說是Meta)。Jekyll使用的是Ruby作為建構基礎，而Docusaurus則是以node.js作為建置核心，若對node.js較為熟悉的朋友則可以快速的上手與使用。\n\n## 特色\n\n### 使用支援React的MDX Markdown語法\n\n由於有Facebook的血統在，因此這套SSG很本能的可以與Meta自家技術React作擴充，結合了Markdown語法，算是Docusaurus的一大特點。\n\n這裡所說到的，就是**MDX**，簡言之就是讓Markdown語法支援JSX，可以在Markdown裡引入元件，並有機會達成React的元件共用的優勢。有關MDX，可參考其[官網](https://mdxjs.com/)。這裡就不詳細說明，總之，Docusaurus除了單純撰寫Markdown的文件外，讓如果原本對React技術熟悉的人，可以有機會讓文件多出一些互動功能(例如互動圖表)的可能性。\n\n### 進階功能\n\n提供了版控、快速更換主題(theme)以及多國語系的設定配置與切換的能力。且支援了TypeScript，但如果純粹寫文章的話是可以不理會及使用。\n\n### 可方便使用於GitHub Pages\n\nDocusaurus可讓網站架設者將心思專注在撰寫文章上，因此只需要透過幾個簡單的指令，就能快速產生好靜態網站，而且他也有專門為GitHub Pages設計的指令，可分別將原始碼 (產生靜態網頁前的程式碼)以及產生好的靜態網站包分成不同的Git Branch，並上傳到GitHub Repo上，完美與GitHub Pages作整合。\n\n### Docusaurus的靜態頁面架構\n\n簡單說，在什麼都不改的情況下，他會快速幫你產生三種應用。\n\n- Pages頁面\n- Docs 文件區\n    - 如果你的文章是有個大主題，且由多篇具順序性的文章組成，適合使用Docs來展現。\n- Blog 部落格區\n    - 如果你的文章以網誌方式呈現，強調發佈時間，且單篇獨立性，這樣就很適合使用Blog來展現。當然，但相同主題仍可使用tag群組分類。\n\n## 小試身手，真的很簡單\n\n首先你要先在電腦上安裝好node.js (16.14版本)，請至[官網](https://nodejs.org/zh-tw/download/)依個人電腦環境下載與安裝，接著就可以開始安裝Docusaurus了。\n\n### 使用npx安裝指令\n\n```bash\nnpx create-docusaurus@latest my-site\n# 或者\nnpx create-docusaurus@latest my-site class\n```\n\n![Untitled](./Untitled.png)\n\n後面若沒有帶template參數，則安裝時會需要選擇，預設建議使用`classic` (預設)。\n\n若不使用TypeScript的話，則選擇`N`(預設)不套用。\n\n### 啟動站台\n\n等待安裝好後，則可進入剛建立好的my-site目錄且把站台跑起來。\n\n![Untitled](./Untitled%201.png)\n\n```bash\ncd my-site\nnpm start\n```\n\n![Untitled](./Untitled%202.png)\n\n### 連到產生好的靜態網站試試\n\n直接到預設的http://localhost:3000/看結果\n\n![Untitled](./Untitled%203.png)\n\n是不是超級簡單，就幫你把靜態頁面產生好了，再來就一步一步看如何在上面添加新的內容。\n\n### Docusaurus的版本\n\n目前官方已正式推出v2版本，而且已正式宣告v1版會被廢止，因此請直接使用v2版。兩個版本的主要差異在於v2版不支援IE 11，如果必須支援IE 11的話，就需要回頭使用v1版本 (雖然官方不建議)。\n\n另外是v2版本支援SPA (Single-Page Application)，v1是不支援的。\n\n官方有針對v1移植到v2的指引：[https://docusaurus.io/docs/migration](https://docusaurus.io/docs/migration)\n\n不過因為我沒用過v1版，所以細節也就不多作研究了。\n\n## 其他特點\n\n其他Docusaurus的特點包括如下：\n\n- 支援較好的SEO\n- 網站內容是可被搜尋的\n- 支援快速切換日夜閱讀模式\n- 基於JAMstack (JavaScript, API, Markup) 靜態網站架構\n- 支援TypeScript\n\n## 目錄結構\n\n```bash\nmy-website\n├── blog\n│   ├── 2022-10-28-greeting.md\n│   ├── 2022-10-29-hello-world.md\n│   └── 2022-11-30-welcome.md\n├── docs\n│   ├── doc1.md\n│   ├── doc2.md\n│   ├── doc3.md\n│   └── mdx.md\n├── src\n│   ├── css\n│   │   └── custom.css\n│   └── pages\n│       ├── styles.module.css\n│       └── index.js\n├── static\n│   └── img\n├── docusaurus.config.js\n├── package.json\n├── README.md\n├── sidebars.js\n└── yarn.lock\n```\n\n- blog目錄\n    - 底下擺放的是blog文章，使用`YYYY-MM-DD-my-blog-post-title.md`方式命名。\n- docs目錄\n    - 擺放文件內容，預設會在左邊自動依文章產生側邊欄的超連結。但若對左列的文件結構或順序等有自己特別的擺放方式，則可在sidebar.js檔調整。\n- src目錄\n    - 所有非文件式的檔案可放在這個目錄，例如單頁式page或者React的元件。而在其pages子目錄底下放的Markdown、MDX、TSX檔都會被轉為頁面。\n- static目錄\n    - 底下放置的是靜態的資源檔，這個目錄的檔案在進行Docusaurs建置過程時，會被複製到build目錄下。\n\n## 寫寫新文章\n\n針對以上的目錄結構，可自行撰寫幾個測試的頁面，擺放在blog、docs底下。若不需要的檔案則可以自行刪除。\n\n### 設定文章時間\n\n文章最重要的是必須要設定文章的時間，在blog區的排序，也會依據文章所定義的時間進行排序。(越新的文章放越上面)\n\n```markdown\n---\ndate: 2022-11-13T08:00\n---\n```\n\n### 設定全域作者\n\n當你要撰寫blog時，會希望上面有作者(當然可能就是你本人而已)的資訊，在每一篇blog撰寫時可以直接填寫相關作者資訊，但這樣的方式顯的很不程式化。\n\n在某篇文章my-blog-post.md的最上頭：\n\n```markdown\n---\nauthors:\n  name: Joel Marcey\n  title: Co-creator of Docusaurus 1\n  url: https://github.com/JoelMarcey\n  image_url: https://github.com/JoelMarcey.png\n  email: jimarcey@gmail.com\n---\n```\n\n若是有多名作者的話可以使用下列寫法：\n\n```markdown\n---\nauthors:\n  - name: Joel Marcey\n    title: Co-creator of Docusaurus 1\n    url: https://github.com/JoelMarcey\n    image_url: https://github.com/JoelMarcey.png\n    email: jimarcey@gmail.com\n  - name: Sébastien Lorber\n    title: Docusaurus maintainer\n    url: https://sebastienlorber.com\n    image_url: https://github.com/slorber.png\n---\n```\n\nDocusaurus提供了一個全域作者設定檔，可以先行設定，之後在撰寫文章時只需要將作者key寫上後，就會對應到設定檔的完整資訊了。設定的方式如下：\n\n於/blog/authors.yml\n\n```yaml\njmarcey:\n  name: Joel Marcey\n  title: Co-creator of Docusaurus 1\n  url: https://github.com/JoelMarcey\n  image_url: https://github.com/JoelMarcey.png\n  email: jimarcey@gmail.com\n\nslorber:\n  name: Sébastien Lorber\n  title: Docusaurus maintainer\n  url: https://sebastienlorber.com\n  image_url: https://github.com/slorber.png\n```\n\n可改寫剛剛直接在作者的資訊展開的寫法，直接以定義好的作者key放入即可：\n\n```markdown\n---\nauthors: jmarcey\n---\n```\n\n也支援多名作者，則加上陣列的方括號：\n\n```markdown\n---\nauthors: [jmarcey, slorber]\n---\n```\n\n### 其他文章資訊\n\n還可對文章加上標通、描述、Tags。\n\n```markdown\n---\ntitle: Welcome Docusaurus v2\ndescription: This is my first post on Docusaurus 2.\ntags: [hello, docusaurus-v2]\nimage: https://i.imgur.com/mErPwqL.png\n---\n```\n\n## 建置靜態網頁\n\n如果不使用建階的功能，則可以先嘗試簡單建置一下，看看產出的結果。\n\n使用以下指令：\n\n```bash\nnpm run build\n```\n\n而執行完後，會產生靜態網頁的產出目錄`build`。該目錄的內容，是一個純粹的靜態網頁結構，因此你可以複製到任何不帶有後端渲染引擎的伺服器上建置。\n\n不過如果要使用GitHub Pages的話，因為他本身是一個受Git控管的repo，因此像這類經編譯程式從原始碼產生出來的檔案 (就像這裡的build目錄以及其下的文件)，多半不會作程式碼版控。因此最好的作法，是透過Docusaurus所提供的GitHub Pages的設定以及佈署工具。\n\n在docusaurus.config.js檔案設定：\n\n```jsx\nmodule.exports = {\n  // ...\n  url: 'https://endiliey.github.io', // Your website URL\n  baseUrl: '/',\n  projectName: 'endiliey.github.io',\n  organizationName: 'endiliey',\n  trailingSlash: false,\n  // ...\n};\n```\n\n以上的配置，是使用GitHub Pages的預設專案來設定，也就是repo的名稱是「{username}.github.io」。\n\n### 透過專用的指令建置\n\n接著，使用專用指令進行GitHub Pages的建置：(以Windows為例)\n\n```jsx\ncmd /C \"set \"GIT_USER=<GITHUB_USERNAME>\" && yarn deploy\"\n```\n\n透過上述指令，會進行建置，預設會將原本Docusaurus的原始檔，發佈到`main` branch底下，而產生的靜態頁面的原始檔，則會發佈到`gh-pages` branch底下。\n\n![Untitled](./Untitled%204.png)"
        },
        {
          "id": "2022-11-7-docker-01",
          "metadata": {
            "permalink": "/blog/2022-11-7-docker-01",
            "editUrl": "https://github.com/facebook/docusaurus/tree/main/packages/create-docusaurus/templates/shared/blog/2022-11-7-docker-01/index.md",
            "source": "@site/blog/2022-11-7-docker-01/index.md",
            "title": "Docker Desktop安裝筆記 (Windows版本)",
            "description": "使用Docker時，無論你使用Windows或macOS，多少都會聽說過要安裝具備UI功能的Docker Desktop。雖然前先日子Docker開始提出了Docker Desktop的收費方案，但是對於個人使用而言是仍不受影響的。對於想要使用Pro功能的個人、團隊開發或大型企業而言，若有需要，則需使用付費方案來繼續獲取Docker Desktop的使用授權。",
            "date": "2022-11-07T00:00:00.000Z",
            "formattedDate": "2022年11月7日",
            "tags": [
              {
                "label": "Docker",
                "permalink": "/blog/tags/docker"
              }
            ],
            "readingTime": 7.06,
            "hasTruncateMarker": false,
            "authors": [
              {
                "name": "雷哥",
                "title": "程式天守閣站長",
                "url": "http://rexmenlin.github.io",
                "imageURL": "https://github.com/rexmenlin.png",
                "key": "rexmenlin"
              }
            ],
            "frontMatter": {
              "slug": "2022-11-7-docker-01",
              "title": "Docker Desktop安裝筆記 (Windows版本)",
              "authors": [
                "rexmenlin"
              ],
              "tags": [
                "Docker"
              ]
            },
            "prevItem": {
              "title": "Docusaurus搭配Github Pages建置免費個人部落格",
              "permalink": "/blog/2022-12-27-docusaurus-github-pages"
            },
            "nextItem": {
              "title": "超入門Git筆記 (1)",
              "permalink": "/blog/2022-10-23-git-note-1"
            }
          },
          "content": "使用Docker時，無論你使用Windows或macOS，多少都會聽說過要安裝具備UI功能的Docker Desktop。雖然前先日子Docker開始提出了Docker Desktop的收費方案，但是對於個人使用而言是仍不受影響的。對於想要使用Pro功能的個人、團隊開發或大型企業而言，若有需要，則需使用付費方案來繼續獲取Docker Desktop的使用授權。\n\n![image-20221107222248858](./00.png)\n\n這篇會一步一步說明如何在Windows上安裝Docker Desktop，就讓我們看下去吧。\n\n首先，你只要到Docker的[官網](https://www.docker.com/)裡  ，第一頁就是會引導你安裝Docker Desktop這套軟體，請依照自己慣用的作業系統進行安裝，因為雷哥我只有Windows電腦，因此這篇就只會撰寫Windows的安裝流程與手順。\n\n\n\n## 開始安裝Windows版Docker Desktop\n\n點選畫面中的download按鈕，則會開始進行下載。\n\n![](./01.png)\n\n待下載完成後，點選`Docker Desktop Installer.exe`執行檔後，則會出現下列安裝前的設定畫面。預設會推薦我們使用WSL 2來提供我們Windows環境必要的Linux核心子系統相容介面。(我目前的版本是4.13.1版)\n\n![](./02.png)\n\n點選`ok`後，開始安裝。\n\n![](./03.png)\n\n安裝完成後，則只會有一個關閉按鈕。\n\n![](./04.png)\n\n接著在Windows中找到你剛安裝好的Docker Desktop，並行執行。看到相當可愛的圖案，有各種相關系統或語言的吉祥物們，畫面是一片詳和呀！但這樣就能開始使用Docker 了嗎？？\n\n![](./05.png)\n\n\n\n### 等等，才剛裝好怎麼有Warning圖示！\n\n![](./06.png)\n\n當我們順利打開Docker Desktop軟體後，也順利的看到斗大的黃色Warning圖示，是哪裡出了問題嗎？訊息告訴我們，WSL 2的安裝並未完成。只給了我們下面的網址，要我們照指示進行Linux核心的安裝，並且告知如果完裝完了後，再回來這裡按`restart`。\n\nhttps://aka.ms/wsl2kernel\n\n點開網址後，會連到微軟的WSL官網教學頁，直接幫我們連結到舊版手動安裝的Step 4教學頁。\n\n![](./07.png)\n\n點選頁面上的[連結](https://wslstorestorage.blob.core.windows.net/wslblob/wsl_update_x64.msi) ，則會進行`wsl_update_x64.msi`安裝檔的下載流程。下載好後，直接點選進行安裝。\n\n![](./08.png)\n\n直接點選`Next`，安裝好後則可點選`Finish`結束作業。\n\n![](./08a.png)\n\n此時我們只裝WSL底層安裝好，但仍然缺少實際的Linux運行版本。\n\n可透過PowerShell進行以下指令查看訊息\n\n```\nwsl\n```\n\n![](./11.png)\n\n上述訊息可得知雖然WSL指令可運作了，但裡面沒有實際的Linux發行版本，訊息提示我們要去Microsoft Store上安裝。\n\n\n\n### 將WSL 2設為預設版本\n\n我們若仍在剛剛的微軟教學網頁，先把第5步驟先完成，即為將WSL 2設定為預設的版本。\n\n```\nwsl --set-default-version 2\n```\n\n![](./15.png)\n\n\n\n### 接著安裝Linux發行版本\n\n接著，我們繼續微軟官網的步驟6，挑選一個Linux發行版本，我們就挑Ubuntu 22.04版好了。\n\n![](./09.png)\n\n可從頁面的提示連結，或者直接使用你Windows中的Microsoft Store進行搜尋。\n\n![](./10.png)\n\n點選`Get`取得App，下載完成後，再點選`Open`開啟Linux核心，需要進行一些UNIX username的設定。請輸入帳號與密碼後，完成Ubuntu的初始設定。\n\n![](./12.png)\n\n![](./13.png)\n\n這個時候，你可以直接關閉上面的Ubuntu，我們回到剛剛敲wsl指令的PowerShell去。\n\n![](./14.png)\n\n當安裝完Linux發行版本後，再打原本的wsl指令，會發內與剛剛的提示訊息不一樣了。到目前為止我們已經補完了一開始使用Docker Desktop卡關的地方，接著我們就可以重啟一下Windows了。\n\n\n\n### 重啟Windows\n\n我們重啟完電腦，這時候你可以再開啟PowerShell，並透過以下指令確認一下docker的版本。\n\n```\ndocker version\n```\n\n但由於我們尚未把Docker的daemon啟動完成，因此會得到一些錯誤訊息。若我們將Docker的程式完整啟動後，再次下docker version指令才會沒有錯誤訊息。\n\n![](./17.png)\n\n\n\n### 重新打開Docker Desktop軟體\n\n當我們打開Docker Desktop時，左下角狀態會出現橘色的顏色，表示Docker Daemon尚未啟動完成。畫面上會出現Docker Desktop starting...的字樣，我們需要一些時間等待這個流程執行結束。\n\n![](./18.png)\n\n待我們成功完成啟動後，左下角的狀態顏色就會變成綠色，並且中間會提示我們如何開始運行Docker container。\n\n![](./19.png)\n\n我們就複製一下畫面的教學指令指令，到PowerShell裡去執行：\n\n```\ndocker run -d -p 80:80 docker/getting-started\n```\n\n![](./21.png)\n\n待執行完成後，我們再回到Docker Desktop中，就會看到我們已成功啟動第一個示範的Container了。\n\n![](./22.png)\n\n在`80:80`的地方有個超連結，透過UI可以很方便直接開啟瀏覽器連到Docker Container中所運行在80 Port的示範網站。\n\n![](./23.png)\n\n當看到上方的網頁時，就表示你完成了第一個最基礎的Docker示範了！我們可以到Images的區域看到這個docker/getting-started的Image的相關資訊。前面的Container就是由這個Image作為藍圖所建立出來的容器實例唷。\n\n![](./24.png)\n\n以上就是我們Step by Step的Windows版本Docker Desktop的安裝手順筆記與介紹。不過相信當時間一久後，Docker有可能會再針對Desktop作一些變化，屆時再來看這篇文章還適不適用了。\n\n\n\n接下來就可以安心食用Docker囉！"
        },
        {
          "id": "2022-10-23-git-note-1",
          "metadata": {
            "permalink": "/blog/2022-10-23-git-note-1",
            "editUrl": "https://github.com/facebook/docusaurus/tree/main/packages/create-docusaurus/templates/shared/blog/2022-10-23-git-note-1/index.md",
            "source": "@site/blog/2022-10-23-git-note-1/index.md",
            "title": "超入門Git筆記 (1)",
            "description": "這篇文章並非要撰寫又一篇全新的Git教學，因為網路上已經有很多從基礎關聯開始講解為何需要版控軟體，以及Git與各種集中式管理的版控軟體前輩們的差別，這裡就不去解釋了。",
            "date": "2022-10-23T00:00:00.000Z",
            "formattedDate": "2022年10月23日",
            "tags": [
              {
                "label": "Git",
                "permalink": "/blog/tags/git"
              }
            ],
            "readingTime": 24.155,
            "hasTruncateMarker": false,
            "authors": [
              {
                "name": "雷哥",
                "title": "程式天守閣站長",
                "url": "http://rexmenlin.github.io",
                "imageURL": "https://github.com/rexmenlin.png",
                "key": "rexmenlin"
              }
            ],
            "frontMatter": {
              "slug": "2022-10-23-git-note-1",
              "title": "超入門Git筆記 (1)",
              "authors": [
                "rexmenlin"
              ],
              "tags": [
                "Git"
              ]
            },
            "prevItem": {
              "title": "Docker Desktop安裝筆記 (Windows版本)",
              "permalink": "/blog/2022-11-7-docker-01"
            },
            "nextItem": {
              "title": "GitHub Pages with Jekyll．用Markdown寫Blog",
              "permalink": "/blog/2020-09-10-github-pages-with-Jekyll"
            }
          },
          "content": "這篇文章並非要撰寫又一篇全新的Git教學，因為網路上已經有很多從基礎關聯開始講解為何需要版控軟體，以及Git與各種集中式管理的版控軟體前輩們的差別，這裡就不去解釋了。\n\n這篇文章是寫給已經對Git有一定基礎的了解的讀者，漸進式的說明各種指令與情境作法之整理筆記。\n\n## Git 文件庫 (Repository)\n\nGit Repository (簡稱Repo)為一個可以儲存以Git作版控的文件庫存在儲存空間。雖然Git是分散式的版控軟體，但依據工作的模式，可以簡單分為本地端(Local)與遠端(Remote)兩種模式。因此無論是否需要多人協作，或是自己想要在多台電腦隨時可無縫工作的情況下，均可先在Local Repo進行管理，有需要再和Remote Repo進行同步。其他協作者或者自己的其他電腦，即可和遠端的Repo進行更新，以達成多人或多工作裝置的版控目標。\n\n**本地端Local Repo**\n\n可用於個人的文件管理(即使身在一個團隊中)，因此即使沒有使用遠端管理的狀態下，也能僅使用本機的Local Repo來達到個人版控。使用前當然需要安裝Git軟體，可至官網下載與安裝。\n\n我們在本地端的某個目錄想作Git版控，必須要做的事是讓此目錄初始化為Git可識別的目錄。因此可執行以下的指令：\n\n```jsx\ngit init\n```\n\n當完成後，此目錄(含以下)就具備Git的環境了，接下來，這個目錄會多出一些隱藏目錄.git，則表示該目錄已擁有Git的版控能力了。\n\n這時候就可以使用查詢Git狀態的指令確認：\n\n```\ngit status\n```\n\n\n\n# 文件的異動版控管理\n\n## 文件提交 (Commit)\n\n當文件進行修改後，想在該階段進行一個紀錄，以便未來可進行重要參考或回溯等目的，則可使用commit指令製作一個提交點。不過並非三不五時作一點點異動就要打一個commit，這個感覺與定義雖然沒有一定的標準，但大概是一個小範圍完整的功能完成時，可進行一個commit並註記這個提交的主要原因是什麼。(例如，是為了增加哪個功能，或修改哪個問題等等)\n\n每一次的commit，都會在Git裡面留下記錄，包含是何時由誰提交的commit，或者可簡單從註記中了解這個commit提交的原因。\n\n### 在進行提交前，先設定使用者資訊\n\n當該電腦進行第一次commit時，若尚未設定git user資訊，則會要求執行資訊的填寫，但這個動作只需要作一次。\n\n請依指令提供Email與使用者名稱\n\n```jsx\ngit config --global user.email \"you@example.com\"\ngit config --global user.name \"Your Name\"\n```\n\n以上加上—global參數，讓這個設定僅用於此repository。\n\n若要查詢目前設定的使用者，則使用—list參數 (或-l)\n\n```jsx\n> git config --global --list\nuser.email=rexlin@example.com\nuser.name=Rex Lin\n```\n\n### 還是不能Commit呀！少了「add」指令\n\n當我們進行commit時，還是無法成功，我們可以先使用查詢狀態的指令查看一下。\n\n```jsx\ngit status\n```\n\n![Untitled](./Untitled%201.png)\n\n該訊息說明，目前有文件但仍是「untracked」(未追蹤)狀態，因此尚未能直接進行提交，要提交前，需先進行「add」指令，才能將文件或檔案移至「stage」的狀態，這個才是可進行commit的文件對象。\n\n### Git文件狀態簡單說\n\n簡單說一下，在Git控管的目錄，一開始所有檔案都是在untracked (未追蹤)的狀態，而這個區域意即工作目錄(working directory)。而當開始有檔案的異動時，Git會偵測的到並會進入modified狀態。當「有被異動，且想要進行版控的文件」，才需要「追蹤」與管理它們。因此接下來就是要將這些檔案，移至下一個追蹤的狀態，我們稱之為「staged」。而在stage中的狀態 (即放置於Staging Area)，還不會直接受到Git的版控，需要將他們明確的「提交」(commit)後，才會成為一個正式的版控紀錄點，意即放入Git Repository區。\n\n\n\n[Working Directory] **Untracked狀態** --> [Staging Area] **Staged狀態** --> [Git Repository] **Tracked狀態**\n\n\n\n### 來點add檔案指令，放入Staging Area\n\n```jsx\ngit add test.txt\n```\n\n若僅需針對特定檔案進行add，則直接在後面輸入檔名。若想直接將所有該目錄下的所有文件(包含子目錄)都一起add，則僅需加上一個點作為參數。\n\n```jsx\ngit add .\n```\n\n再進行一次status查詢\n\n![Untitled](./Untitled%202.png)\n\n則會看到該檔案已在staged狀態了。\n\n了解git的檔案狀態變化後，就知道為何需要先作add指令了。如上述所提，必須要經由add指令，才能讓在工作目錄中的標檔被標記成為staged狀態，Git會為他產生一個索引，在後續將此索引的檔案再提交到Repository後，才能擁有實質被有效版控的能力。\n\n### 補充技巧：取消追蹤某些檔案\n\n可使用以下指令對已放入stage待commit的檔案進行取消追蹤(unstage)，用於不小心add錯檔案或想反悔時使用。\n\n```\ngit rm --cached <file>\n```\n\n如果要將目前所有stage的檔案都反悔取消，則使用wildcard\n\n```\ngit rm --cache *\n```\n\n執行完後，可再使用git status查看目前狀況。\n\n### 終於可以Commit了吧\n\n當進行完以上流程後，就可以針對想要提交的檔案進行commit指令了。\n\n```jsx\ngit commit -m <提交內容>\n```\n\n注意，若不加-m，則會開啟預設的Vim Editor (或在Install時可選擇慣用的Editor)進行「提交訊息撰寫」。若加上-m，則可直接在指令中輸入提交的訊息。\n\n> -m後，可加上雙引號、單引號、直接輸入字串(但不能空格，要空格必須使用引號)，甚至直接緊接著-m的m撰寫都可以。不過某些環境下使用單引號會有問題，因此建議使用雙引號\n\n### 補充技巧: 修改最後一次commit說明內容\n\n只要在commit中，加上參數—amend指令，即可修改最後一次commit指令。\n\n```\ngit commit --amend -m <新的內容>\n```\n\n![Untitled](./Untitled%203.png)\n\n不過要注意的是，重新對最後一次提交作說明的修改，是會被複製出來產生一個新的commit index，所以並非能船過水無痕。而原本的commit則會被流放，等待Git的GC機制啟動時，就有可能被回收。\n\n\n\n## 聊聊遠端Git Repo\n\n當使用了遠端Remote Repo後，一來是可以和他人分享文件，或是自己個人有多台工作電腦可隨時同步工作進度，再來當然是為了多人協作為目標，讓彼此之間的文件可有統一管理及版控的交換與同步的機制。\n\n目前有蠻多公有雲的Remote Git Repo的服務平台可直接選擇，例如GitHub、GitLab或BitBucket等。\n\n### 幾種本地與遠端同步管理的情境\n\n* 原本就有一個本地端的Repo在運行，突然想要和建立一個遠端Repo來同步管理 (使用git remote add)\n* 全新的一個專案，而且一開始就想要有直接放一份在遠端Repo (其實操作方式和上面很接近)\n* 我加入一個別人已在運作的專案，要把遠端的程式碼抓回來本地端 (使用git clone)\n\n### 如何與遠端的repo作連接 (以GitHub為例)\n\n在GitHub開一個新的repo後，會有一段說明告訴你如何在本機端下指令，和GitHub的遠端Repo作連接。\n\n你會在GitHub的這個Repo中取得GitHub的HTTPS的.git連結URL (也有SSH的使用方式)，作法如下。可回到local端的command line執行以下指令。\n\n當然，前提是你的本地端Repo已經準備好了，若還沒，則請用前面的git init將一個本地端的目錄先作好Git初始化。再來執行以下指令。\n\n```jsx\ngit remote add origin https://github.com/rexmenlin/test.git\ngit branch -M main\ngit push -u origin main\n```\n\n上述指令，透過remote add與遠端的repo作新增連接，而「origin」則是給這個遠端repo起一個連線名稱，通常照慣例，會將這個遠端的連線名稱命作origin。當然，可以不要取作origin，而是任何其他名稱。但這是一個機乎約定俗成的命名方式，建議不要改動較能和各個開發者接軌。比較不會造成不必要的認知誤會。\n\n而第二行，是將本地的branch透過-M，改名稱為main。在說明與使用branch (分支) 前，就會遇到一個問題，就是Git和現行GitHub的預設分支的名稱不太一樣。在GitHub中的預設branch通常名為main；使用Git在local端建立的repo的預設branch通常名為master。因此這行指令有一點像是，為了怕兩端的預設branch不同，因此GitHub提供的連線範本，讓你也把本地端的branch先改為main，才能一致。\n\n而最後一個push指令，則是指，指定遠端repo origin這個地方，將本地分支的檔案推送到遠端的main分支上。\n\n設定-u (--set-upstream) 指的是將先設定為預設的連線位置與主要分支，以後就不用再打一次origin main了。只要打`git push`即可。\n\n### 補充：調整GitHub預設Branch名稱\n\n因為本地的預設branch為master，與GitHub的預設分析main不相同，若不想變更本地的branch名稱為main。可以到GitHub上，修改組織的預設branch名稱。將main改回一般Git通用的master也行。\n\n從個人的Settings > Repositories中修改\n\n![Untitled](./Untitled.png)\n\n### 查詢遠端Repo\n\n當完成上述指令建立好本地與遠端的連線設定後，可查詢目前git連接到的遠端Repo。\n\n```jsx\ngit remote\ngit remote -v\n```\n\n加上-v參數，則可看到該名稱連接到的URL為何。\n\n```jsx\norigin https://github.com/rexmenlin/test.git (fetch)\norigin https://github.com/rexmenlin/test.git (push)\n```\n\n若要看更詳細的內容，則可使用下列指令：(加上show)\n\n```\n> git remote show origin\n* remote origin\n  Fetch URL: https://github.com/rexmenlin/test.git\n  Push  URL: https://github.com/rexmenlin/test.git\n  HEAD branch: main\n  Remote branch:\n    main tracked\n  Local branch configured for 'git pull':\n    main merges with remote main\n  Local ref configured for 'git push':\n    main pushes to main (up to date)\n```\n\n\n\n### 將結果推送到遠端Repo中\n\n當執行完commit後，即可再度執行push指令。\n\n```jsx\ngit push\n```\n\n因為剛剛已經使用git push -u origin main進行過第一次的推送，因此git會記住這個狀態。之後再使用push指令時，後面的參數就不需要再設定。\n\n\n\n## 有關remote add與clone的差別\n\n當我們有一個遠端的Repo，以及本地端的位置，相要同步這兩邊的git，可能會使用到git remote add或者git clone，但兩者有何差別呢？\n\n### 情境1 想建立一個新的遠端Repo，把本地端的Code連接\n\n這個時候，你要使用的是remote add指令。也就是順序是你先有本地端的Repo後，想找一個遠端Git Repo，並把本地端的code上傳。\n\n因此，你在本地端，已事先作過git init了，並且在遠端(例如GitHub上)開好Repository。\n\n```\ngit remote add origin https://github.com/rexmenlin/test.git\n```\n\n因此只要再進行push指令將本地端的code上傳後，兩邊就同步狀態了。\n\n### 情境2 有一個遠端已存在的Repo，但本地是不存在的，想同步這些Code回來\n\n此時，要使用的是git clone指令。在進行這個作業前，是不需要事先作git init的！因為clone指令會完整的將遠端Repo直接複製一份回來本地端。\n\n```\ngit clone https://github.com/rexmenlin/test.git\n```\n\n而且，上述指令不需要特別指令遠端的Repo名稱(例如origin)。\n\n當clone指令把遠端Repo在本機端完整建立後，後續的更新，要從遠端取得檔案回來本地，就不會再使用clone指令了。就會使用pull (連同merge一起作) 或fetch (只下載但不主動作merge)。\n\n\n\n### 將遠端的內容更新回來本地端\n\n上述提到了將本地端推送上去遠端的push指令，也有從遠端把資料第一次複製回來的clone指令 (通常clone只會在最初始時用一次而已)，接下來就是淺淺介紹兩個指令 pull與fetch，可在後續將遠端的新狀態更新回來本地端。\n\n#### Pull與Fetch指令\n\nPull指令是將有比本地端repo還要新的內容下載回來，並且有相同檔名的話會直接進行merge的動作。\n\n```\ngit pull\n```\n\n因此pull指令等同於fetch + merge，雖然這裡還沒提到merge是什麼，但可以先理解就是兩個以上的人若有修改同一份檔案，勢必要進行合併。合併內容若沒有改到相同的行數，則可順利把兩份檔案有差異的地方融合成一份，但如果不幸的改動到的是相同內容的話，就會造成merge衝突(conflict)，則需要針對文件內容作取捨與調整後，才能完成這個合併的動作。\n\n\n\n# Branch分支管理\n\n## 如何開新的branch\n\nbranch的概念與時機，就是在主線(master)之外，為了增加新功能、修改bug等時，為保險起見，可以先開立一個新的分支來做這些功能或動作，不要直接在master上操作。\n\n通常的作法，master主線只是用來打發行的版本用的(配合後續會提到的tag指令)，因此開發用途的branch，可命名作develop。而從develop中，再長出各種我們因為新功能，分配給不同人去開發的支線，通常會叫feature。一種命名樣式為feature/feature name，例如\"feature/login\"或\"feature/add-cart\"。這只是一個易於識別的作法，並非強制規定，有一些GUI的工具，會將feature以及其斜線後的子功能，可以在UI工具上自動收合成2階的呈現方式，讓管理上較為方便。另外也有在上線之前的最終放行測試版本的支線release等，都會依開發實務習慣而有所不同。\n\n### 確定目前的branch\n\n使用下列指令，可查詢現有的branch\n\n```jsx\ngit branch\n```\n\n### 建立新的branch\n\n使用以下指令，可建立新的branch，但是建立完成時，active branch仍然會留在原本的branch中，不會直接切換過去。\n\n```jsx\ngit branch <new_branch_name>\ngit branch newfunc1\n```\n\n此時，可以再進行git branch指令查詢，會看到多了一個branch。\n\n![Untitled](./Untitled%204.png)\n\n### 使用checkout切換branch\n\n因此，要在不同branch之中切換，需要使用checkout指令。\n\n```jsx\ngit checkouut newfunc1\n```\n\n![Untitled](./Untitled%205.png)\n\n此時可看到active branch切換到newfunc1了。\n\n使用checkout指令進行branch的切換，也可以checkout到任何一個commit的node位置，只要在checkout的後方輸入commit index即可(最少輸入前面4碼即可)。不過要注意的是，當我們目前指向的位置，脫離原本的branch的點位時，會發現指位的特殊HEAD標記會出現。其實HEAD一直都存在，只不過若剛好HEAD指的地方恰好是branch的位置，部份的GUI工具會隱藏其顯示。但若使用command line的話，都可以清楚看到目前的HEAD落在哪一個commit節點中。\n\n> 實際上，HEAD的指位，若是恰好在branch上時，其實實際上是HEAD先指在branch上，branch再指在某個commit點上。因此我們如果直接移動HEAD到別的commit點時，則會造成HEAD與branch分離。\n\n### 省時小技巧\n\n若想要建立一個新的branch，也順便切換到這個新的branch，我們可以直接使用checkout指令，並加上-b參數。小提醒，下面的指令是\"checkout加上參數-b\"，不是\"branch加上參數-b\"。\n\n```jsx\ngit checkout -b newfunc2\n```\n\n### 刪除branch\n\n使用以下指令刪除branch，但必須記得，不能刪除目前的current branch。若要刪除，要先checkout到別的branch中。\n\n```jsx\ngit branch -d newfunc2\n```\n\n### Branch的進階操作\n\n當我們開了一個新的branch，以上述newfunc1為例，我們可以新增一些檔案的異動。並且進行add/commit後，接下來若我們要暫時回到原本的主線(或develop支線，為簡化說明，以下均以master為例)，只要checkout回master即可。checkout回去後，可看到原本在newfunc1修改的內容，會被倒回到原本沒有修改的狀態。\n\n可以使用以下指令，查詢commit的狀態。\n\n```jsx\ngit log --oneline\n```\n\n![Untitled](./Untitled%206.png)\n\n其中可以看到，目前有兩個branch： master與newfunc1。但我們因為已checkout到newfunc1，所以目前有三次的提交，HEAD會指在最新的地方。\n\n![Untitled](./Untitled%207.png)\n\n若原先有一個檔案test.txt，原本只有三行，我們加上第四行。並進行add與commit。\n\n![Untitled](./Untitled%208.png)\n\n上述的log指的是，目前有四次提交，而HEAD指在這裡，並且branch名為newfunc1。可看到master是停留在第三次提交上。\n\n### 倒回主線的狀態\n\n所以我們可以checkout到master上面，再打開test.txt看其內容。\n\n```jsx\ngit checkout master\ntype test.txt\n```\n\n![Untitled](./Untitled%209.png)\n\n在checkout回master後查看log，會看到在這條線上是看不到newfunc1 branch的。\n\n### 直接移動branch的commit點\n\n若我們想直接將任一個branch的commit點直接跳到另一個commit點，可使用branch -f的指令達成：\n\n```\ngit branch -f <branch name> <commit index>\ngit branch -f master 06fe\n```\n\n\n\n### 來merge內容吧\n\n我們當初開設newfunc1的目的，就是為了在其他分支中撰寫一些新的東西而暫不影響主線內容。當我們已經確認完新內容時，就可以使用merge的功能把新內容整合回主線中。\n\n要記得，merge的用法，是以「較早期內容者的branch，去merge新內容branch」\n\n因此，我們想要把新的newfunc1的內容，整合回master，是要checkout到master去下merge指令的。\n\n```jsx\ngit merge newfunc1\n```\n\n![Untitled](./Untitled%2010.png)\n\n此時可以看到，我們將newfunc1的內容merge回到master了。在master中，可以看到test.txt的內容有第四行。\n\n因此，newfunc1 branch若是認為功成身退無需使用，可進行branch的刪除動作。不過這個也是工作團隊的習慣或約定，有些是發生過的branch仍然要留著一段時間，這個並無標準作法。但當然branch過多是會造成管理的問題，因此可設定好一個branch退場方式。\n\n```jsx\ngit branch -d newfunc1\n```\n\n![Untitled](./Untitled%2011.png)\n\n\n\n## 還沒談到的部份\n\n以下先紀錄一下還沒談到的進階部份\n\n* 出版打tag\n* reset與revert\n* conflict的時候怎麼辦\n* merge、rebase、cherry-pick\n* 相對引用 ^與~的用法\n* stash暫存"
        },
        {
          "id": "2020-09-10-github-pages-with-Jekyll",
          "metadata": {
            "permalink": "/blog/2020-09-10-github-pages-with-Jekyll",
            "editUrl": "https://github.com/facebook/docusaurus/tree/main/packages/create-docusaurus/templates/shared/blog/2020-09-10-github-pages-with-Jekyll/index.md",
            "source": "@site/blog/2020-09-10-github-pages-with-Jekyll/index.md",
            "title": "GitHub Pages with Jekyll．用Markdown寫Blog",
            "description": "什麼是GitHub Pages",
            "date": "2020-09-10T00:00:00.000Z",
            "formattedDate": "2020年9月10日",
            "tags": [
              {
                "label": "SSG",
                "permalink": "/blog/tags/ssg"
              }
            ],
            "readingTime": 9.26,
            "hasTruncateMarker": false,
            "authors": [
              {
                "name": "雷哥",
                "title": "程式天守閣站長",
                "url": "http://rexmenlin.github.io",
                "imageURL": "https://github.com/rexmenlin.png",
                "key": "rexmenlin"
              }
            ],
            "frontMatter": {
              "slug": "2020-09-10-github-pages-with-Jekyll",
              "title": "GitHub Pages with Jekyll．用Markdown寫Blog",
              "authors": [
                "rexmenlin"
              ],
              "tags": [
                "SSG"
              ]
            },
            "prevItem": {
              "title": "超入門Git筆記 (1)",
              "permalink": "/blog/2022-10-23-git-note-1"
            }
          },
          "content": "### 什麼是GitHub Pages\r\n\r\nGitHub Pages是GitHub網站透過免費的公開儲存庫(public repository)來建立網頁，並且可輕鬆改變網站主題風格，也可打造專屬的404錯誤頁面，還能使用HTTPS的安全防護 (但如果使用自己申請的domain就要額外自行申請SSL憑證)。簡言之，就是透過GitHub Pages的擴充性，讓原本作為程式碼管控的儲存庫，搖身一變也能成為一個個人網站。GitHub並且貼心的提供了對應的公開網址給使用者，當然若是你有自己申請的網址，還可進行指定，省去了租雲端主機的龐大費用。\r\n\r\n![image-20210703013051609](./image-20210703013051609.png)\r\n\r\n### GitHub Pages的類型\r\n\r\nGitHub Pages類型主要分為Project或個人/組織，前者針對特定的project來綁定，後者則針對個人或組織的帳號綁定。\r\n\r\n以一般用戶為例，其網站網址會以`<username>.github.io`的規範來作使用，因此GitHub用戶需要在其帳號下建立一個名為`<username>.github.io`的repository。而最後的瀏覽網址即是`http(s)://<username>.github.io`\r\n\r\n### 要怎麼進行網站內容更新與撰寫？\r\n\r\n當然，使用GitHub的服務，必然需使用Git來作個人網頁的內容發佈，因此需要學會使用Git的技巧是免不了的。GitHub Pages提供了主要兩種方式來撰寫網站文件，一是大家所熟知的html，另一個則是寫code者必懂的markdown。(歡呼~)\r\n\r\n### 依不同類型來發佈專案目錄\r\n\r\n若是以個人/組織而言，網站會擺在repository的預設branch的根目錄下，但如果想要針對不同主題開設不同的子目錄，可以透過project + 特定branch name來達成。以project而言，則是需要開設一個`gh-pages` branch，將網站置於其根目錄下。使用者也可以調整設定，將目錄改放在任何branch的`/docs`之下。\r\n\r\n若是在任一個repository之下要建立GitHub Pages，除了上述提到需建立`gh-pages` branch外，最後的瀏覽網址會是：`https://<username>.github.io/<repository>`\r\n\r\n### 使用靜態網站生成器\r\n\r\nGitHub Pages僅支援使用靜態的內容，因此不能把GitHub Pages當成server-side動態網站來使用。而官方推薦使用Jekyll來作為靜態網頁產生器的應用(內建支援，也可以改掉不使用)，可以透過Jekyll在GitHub Pages上打造個人的部落格。\r\n\r\n### 使用限制\r\n\r\n原則上GitHub Pages的repository使用限制建議為1GB以下 ，而流量每月限制為100GB。(以上為軟性限制，若超過會有一些警告通知信或網站可能無法正常運作)\r\n\r\n另外，GitHub Pages並非設計用來讓使用者作商業用途使用，這點需要遵守。\r\n\r\n### 什麼是Jekyll呢？\r\n\r\n![image-20200927230641319](./image-20200927230641319.png)\r\n\r\nJekyll是一個靜態網站產生器(static website generator)，而且GitHub Pages有內建支援 (但版本需符合)。透過Jekyll可以快速建立類似blog的內容網站 (可使用Markdown撰寫)，再上傳至Github Pages更新頁面。\r\n\r\n科普一下，Jekyll本身是由GitHub的聯合創辦人Thomas Preston-Werner使用Ruby語言所寫，因此和GitHub使用上很合拍可不是沒有原因的。\r\n\r\n#### 安裝Jekyll\r\n\r\n首先說，Jekyll是一種Ruby Gem套件，因此事先在本機端安裝好Ruby (2.5.0以上)。\r\n\r\n請到Ruby官網進行適合你的平台與版本下載：https://www.ruby-lang.org/zh_tw/downloads/\r\n\r\n安裝步驟請參考官網介紹或其他網路文章，在此不多解釋。\r\n\r\n如果安裝成功後，可於Terminal環境使用gem進行安裝。需安裝jekyll以及bundler。\r\n\r\n以我的windows為例，裝完Ruby後請使用cmd進行以下指令安裝所需套件\r\n\r\n```\r\ngem install jekyll bundler\r\n```\r\n\r\n![image-20210703005428812](./image-20210703005428812.png)\r\n\r\n#### 開始建立第一個Jekyll站台\r\n\r\n第一步，先使用jekyll new指令建立新的站台，先到你要建立的根目錄下指令\r\n\r\n```\r\njekyll new site01\r\n```\r\n\r\n![image-20210703010800482](./image-20210703010800482.png)\r\n\r\n建立好後，進入新建的site目錄，再接著使用bundle指令將site啟動 (注意，指令後面是serve，不是server)\r\n\r\n```\r\nbundle exec jekyll serve\r\n```\r\n\r\n註：如果執行上述指令，出現以下錯誤：\r\n\r\n```\r\nin `require': cannot load such file -- webrick (LoadError)\r\n```\r\n\r\n因為Ruby 3.0之後，不會再webrick綁定在Ruby中，因此需手動進行新增webrick的指令：\r\n\r\n```\r\nbundle add webrick\r\n```\r\n\r\n註2：若出現以下錯誤訊息：\r\n\r\n```\r\nPlease add the following to your Gemfile to avoid polling for changes:\r\n    gem 'wdm', '>= 0.1.0' if Gem.win_platform?\r\n```\r\n\r\n則需要在Gemfile中新增該行\r\n\r\n![image-20210703010949062](./image-20210703010949062.png)\r\n\r\n則可以到上述網址看一下Jekyll幫我們建立的靜態網站的模樣\r\n\r\n![image-20210703011140323](./image-20210703011140323.png)\r\n\r\n#### 依樣畫葫蘆建一個新的頁面\r\n\r\n上面可以看到在站台建立後，會有一個\"Welcome to Jekyll\"示範的頁面，他就放在Site目錄的_posts底下，快速以這個檔案作為template複製一份出來改一改作為新的頁面吧。\r\n\r\n在jekyll裡要特別注意到的是檔案名命規則，官網說明如下：\r\n\r\n![image-20210703011828947](./image-20210703011828947.png)\r\n\r\n因此，就照他的規則，先把文章日期和文章標題命好，這裡的名稱僅方便作者管理即可，實際上會顯示在首頁的名稱並不是從這裡而讓的，但這裡的名稱會出現在URL網址列上，因此還是不要命的和實際內文差太遠比較好。\r\n\r\n![image-20210703012332846](./image-20210703012332846.png)\r\n\r\n打開markdown檔案後，在最上方有個重要的表頭資訊，將title與date、categories改為自己想要的，並行自行調整內文。\r\n\r\n![image-20210703012437869](./image-20210703012437869.png)\r\n\r\n接著再回到剛剛的首頁去看一下變化\r\n\r\n![image-20210703012612938](./image-20210703012612938.png)\r\n\r\n新增的頁面就會在這裡出現了，這裡有個地方可以留意一下，文章的排序是愈新的排在愈上方，其實就是以剛剛在markdown上方的表頭資訊中的`date`的時間作為順序，可以稍為調整一下其值，讓他比本來Welcome to Jekyll的時間還舊，重新整理首頁就會發現兩則的順序交換了。\r\n\r\n我們還可以觀察一下，由本機的Jekyll執行指令會產生一個`_site`目錄，其中即為靜態網站內容，這個就是Jekyll運作完後的輸出。不過，如前面所提，GitHub Pages也支援Jekyll，因此我們接下來就是要將我們本機的jekyll原碼(包含.md檔等)更新到GitHub上，GitHub上會自動運作即時產生`_site`目錄。因此，在本機端這個`_site`目錄是不需要上傳上去的。在本機端執行，純粹只是要在本機先驗證內容均無誤，可以被Jekyll正常解析與產生靜態網頁。\r\n\r\n#### 用Git更新到GitHub上吧\r\n\r\n接下來，我們就可以將本機目錄和GitHub上的已建立好的repository作關聯。在本機的repo中使用git remote等相關指令與GitHub上的repo作好關聯設定，再將本機端的檔案push上去。\r\n\r\n因此，當你撰寫完文章或者有任何修正異動，則可透過git的add、commit、push指令作更新，隨後就可以看到使用Jekyll產生的靜態網頁在自己的GitHub Pages上囉！(大概需要等個1分鐘才會更新)\r\n\r\n當然，你在所看到的這篇文章也是透過這個方式完成的，不過還有些如何換Jekyll主題樣板，待之後有空再來補充。"
        }
      ],
      "blogListPaginated": [
        {
          "items": [
            "2022-12-27-docusaurus-github-pages",
            "2022-11-7-docker-01",
            "2022-10-23-git-note-1",
            "2020-09-10-github-pages-with-Jekyll"
          ],
          "metadata": {
            "permalink": "/blog",
            "page": 1,
            "postsPerPage": 10,
            "totalPages": 1,
            "totalCount": 4,
            "blogDescription": "Blog",
            "blogTitle": "Blog"
          }
        }
      ],
      "blogTags": {
        "/blog/tags/ssg": {
          "label": "SSG",
          "items": [
            "2022-12-27-docusaurus-github-pages",
            "2020-09-10-github-pages-with-Jekyll"
          ],
          "permalink": "/blog/tags/ssg",
          "pages": [
            {
              "items": [
                "2022-12-27-docusaurus-github-pages",
                "2020-09-10-github-pages-with-Jekyll"
              ],
              "metadata": {
                "permalink": "/blog/tags/ssg",
                "page": 1,
                "postsPerPage": 10,
                "totalPages": 1,
                "totalCount": 2,
                "blogDescription": "Blog",
                "blogTitle": "Blog"
              }
            }
          ]
        },
        "/blog/tags/docker": {
          "label": "Docker",
          "items": [
            "2022-11-7-docker-01"
          ],
          "permalink": "/blog/tags/docker",
          "pages": [
            {
              "items": [
                "2022-11-7-docker-01"
              ],
              "metadata": {
                "permalink": "/blog/tags/docker",
                "page": 1,
                "postsPerPage": 10,
                "totalPages": 1,
                "totalCount": 1,
                "blogDescription": "Blog",
                "blogTitle": "Blog"
              }
            }
          ]
        },
        "/blog/tags/git": {
          "label": "Git",
          "items": [
            "2022-10-23-git-note-1"
          ],
          "permalink": "/blog/tags/git",
          "pages": [
            {
              "items": [
                "2022-10-23-git-note-1"
              ],
              "metadata": {
                "permalink": "/blog/tags/git",
                "page": 1,
                "postsPerPage": 10,
                "totalPages": 1,
                "totalCount": 1,
                "blogDescription": "Blog",
                "blogTitle": "Blog"
              }
            }
          ]
        }
      },
      "blogTagsListPath": "/blog/tags"
    }
  },
  "docusaurus-plugin-content-pages": {
    "default": [
      {
        "type": "jsx",
        "permalink": "/",
        "source": "@site/src/pages/index.js"
      },
      {
        "type": "mdx",
        "permalink": "/markdown-page",
        "source": "@site/src/pages/markdown-page.md",
        "title": "Markdown page example",
        "description": "You don't need React to write simple standalone pages.",
        "frontMatter": {
          "title": "Markdown page example"
        }
      }
    ]
  },
  "docusaurus-plugin-debug": {},
  "docusaurus-theme-classic": {},
  "docusaurus-bootstrap-plugin": {},
  "docusaurus-mdx-fallback-plugin": {}
}