{
  "/__docusaurus/debug-7c8": {
    "__comp": "__comp---theme-debug-config-23-a-2ff",
    "__context": {
      "plugin": "plugin---docusaurus-debug-5-ac-d53"
    }
  },
  "/__docusaurus/debug/config-068": {
    "__comp": "__comp---theme-debug-config-23-a-2ff",
    "__context": {
      "plugin": "plugin---docusaurus-debug-5-ac-d53"
    }
  },
  "/__docusaurus/debug/content-f90": {
    "__comp": "__comp---theme-debug-contentba-8-ce7",
    "__context": {
      "plugin": "plugin---docusaurus-debug-5-ac-d53"
    },
    "allContent": "allContent---docusaurus-debug-content-246-9aa"
  },
  "/__docusaurus/debug/globalData-20d": {
    "__comp": "__comp---theme-debug-global-dataede-0fa",
    "__context": {
      "plugin": "plugin---docusaurus-debug-5-ac-d53"
    }
  },
  "/__docusaurus/debug/metadata-518": {
    "__comp": "__comp---theme-debug-site-metadata-68-e-3d4",
    "__context": {
      "plugin": "plugin---docusaurus-debug-5-ac-d53"
    }
  },
  "/__docusaurus/debug/registry-451": {
    "__comp": "__comp---theme-debug-registry-679-501",
    "__context": {
      "plugin": "plugin---docusaurus-debug-5-ac-d53"
    }
  },
  "/__docusaurus/debug/routes-f1d": {
    "__comp": "__comp---theme-debug-routes-946-699",
    "__context": {
      "plugin": "plugin---docusaurus-debug-5-ac-d53"
    }
  },
  "/blog-645": {
    "__comp": "__comp---theme-blog-list-pagea-6-a-7ba",
    "__context": {
      "plugin": "plugin---blog-4-a-7-c68"
    },
    "sidebar": "sidebar---blog-814-8ac",
    "items": [
      {
        "content": "content---blog-58-f-05a"
      },
      {
        "content": "content---blogb-7-c-2af"
      },
      {
        "content": "content---blog-750-248"
      },
      {
        "content": "content---blog-6-f-4-13e"
      }
    ],
    "metadata": "metadata---blogb-2-b-df1"
  },
  "/blog/2020-09-10-github-pages-with-Jekyll-4d1": {
    "__comp": "__comp---theme-blog-post-pageccc-cab",
    "__context": {
      "plugin": "plugin---blog-4-a-7-c68"
    },
    "sidebar": "sidebar---blog-814-8ac",
    "content": "content---blog-2020-09-10-github-pages-with-jekyllc-13-270"
  },
  "/blog/2022-10-23-git-note-1-d29": {
    "__comp": "__comp---theme-blog-post-pageccc-cab",
    "__context": {
      "plugin": "plugin---blog-4-a-7-c68"
    },
    "sidebar": "sidebar---blog-814-8ac",
    "content": "content---blog-2022-10-23-git-note-1081-23c"
  },
  "/blog/2022-11-7-docker-01-ae2": {
    "__comp": "__comp---theme-blog-post-pageccc-cab",
    "__context": {
      "plugin": "plugin---blog-4-a-7-c68"
    },
    "sidebar": "sidebar---blog-814-8ac",
    "content": "content---blog-2022-11-7-docker-01-d-00-166"
  },
  "/blog/2022-12-27-docusaurus-github-pages-a0e": {
    "__comp": "__comp---theme-blog-post-pageccc-cab",
    "__context": {
      "plugin": "plugin---blog-4-a-7-c68"
    },
    "sidebar": "sidebar---blog-814-8ac",
    "content": "content---blog-2022-12-27-docusaurus-github-pagesc-5-e-4a3"
  },
  "/blog/archive-900": {
    "__comp": "__comp---theme-blog-archive-page-9-e-4-1d8",
    "__context": {
      "plugin": "plugin---blog-4-a-7-c68"
    },
    "archive": "archive---blog-archiveb-2-f-393"
  },
  "/blog/tags-d32": {
    "__comp": "__comp---theme-blog-tags-list-page-01-a-d0b",
    "__context": {
      "plugin": "plugin---blog-4-a-7-c68"
    },
    "sidebar": "sidebar---blog-814-8ac",
    "tags": "tags---blog-tagsa-70-da2"
  },
  "/blog/tags/docker-b01": {
    "__comp": "__comp---theme-blog-tags-posts-page-687-b6c",
    "__context": {
      "plugin": "plugin---blog-4-a-7-c68"
    },
    "sidebar": "sidebar---blog-814-8ac",
    "items": [
      {
        "content": "content---blogb-7-c-2af"
      }
    ],
    "tag": "tag---blog-tags-docker-859-ae4",
    "listMetadata": "listMetadata---blog-tags-dockerdbb-c74"
  },
  "/blog/tags/git-c32": {
    "__comp": "__comp---theme-blog-tags-posts-page-687-b6c",
    "__context": {
      "plugin": "plugin---blog-4-a-7-c68"
    },
    "sidebar": "sidebar---blog-814-8ac",
    "items": [
      {
        "content": "content---blog-750-248"
      }
    ],
    "tag": "tag---blog-tags-git-602-4fb",
    "listMetadata": "listMetadata---blog-tags-git-479-29c"
  },
  "/blog/tags/ssg-e0a": {
    "__comp": "__comp---theme-blog-tags-posts-page-687-b6c",
    "__context": {
      "plugin": "plugin---blog-4-a-7-c68"
    },
    "sidebar": "sidebar---blog-814-8ac",
    "items": [
      {
        "content": "content---blog-58-f-05a"
      },
      {
        "content": "content---blog-6-f-4-13e"
      }
    ],
    "tag": "tag---blog-tags-ssg-3-f-3-e89",
    "listMetadata": "listMetadata---blog-tags-ssg-2-fc-d05"
  },
  "/markdown-page-87f": {
    "__comp": "__comp---theme-mdx-page-1-f-3-b90",
    "__context": {
      "plugin": "plugin---markdown-pagecd-5-a18"
    },
    "content": "content---markdown-page-393-028"
  },
  "/docs-7f0": {
    "__comp": "__comp---theme-doc-page-1-be-9be",
    "__context": {
      "plugin": "plugin---docs-56-f-dc5"
    },
    "versionMetadata": "versionMetadata---docs-935-398"
  },
  "/docs/category/tutorial---basics-d44": {
    "__comp": "__comp---theme-doc-category-generated-index-page-14-e-640",
    "categoryGeneratedIndex": "categoryGeneratedIndex---docs-category-tutorial-basicsea-8-8c8"
  },
  "/docs/category/tutorial---extras-f09": {
    "__comp": "__comp---theme-doc-category-generated-index-page-14-e-640",
    "categoryGeneratedIndex": "categoryGeneratedIndex---docs-category-tutorial-extrasc-84-abc"
  },
  "/docs/intro-aed": {
    "__comp": "__comp---theme-doc-item-178-a40",
    "content": "content---docs-intro-0-e-3-be1"
  },
  "/docs/tutorial-basics/congratulations-793": {
    "__comp": "__comp---theme-doc-item-178-a40",
    "content": "content---docs-tutorial-basics-congratulations-822-958"
  },
  "/docs/tutorial-basics/create-a-blog-post-68e": {
    "__comp": "__comp---theme-doc-item-178-a40",
    "content": "content---docs-tutorial-basics-create-a-blog-post-533-e85"
  },
  "/docs/tutorial-basics/create-a-document-c2d": {
    "__comp": "__comp---theme-doc-item-178-a40",
    "content": "content---docs-tutorial-basics-create-a-document-1-e-4-078"
  },
  "/docs/tutorial-basics/create-a-page-f44": {
    "__comp": "__comp---theme-doc-item-178-a40",
    "content": "content---docs-tutorial-basics-create-a-page-5-c-8-e19"
  },
  "/docs/tutorial-basics/deploy-your-site-e46": {
    "__comp": "__comp---theme-doc-item-178-a40",
    "content": "content---docs-tutorial-basics-deploy-your-sitef-55-a3f"
  },
  "/docs/tutorial-basics/markdown-features-4b7": {
    "__comp": "__comp---theme-doc-item-178-a40",
    "content": "content---docs-tutorial-basics-markdown-features-18-c-a79"
  },
  "/docs/tutorial-extras/manage-docs-versions-fdd": {
    "__comp": "__comp---theme-doc-item-178-a40",
    "content": "content---docs-tutorial-extras-manage-docs-versionsdff-6d4"
  },
  "/docs/tutorial-extras/translate-your-site-2d7": {
    "__comp": "__comp---theme-doc-item-178-a40",
    "content": "content---docs-tutorial-extras-translate-your-sitee-44-ddf"
  },
  "/-b47": {
    "__comp": "__comp---site-src-pages-index-jsc-4-f-f99",
    "__context": {
      "plugin": "plugin---markdown-pagecd-5-a18"
    },
    "config": "config---5-e-9-4f3"
  }
}