{
  "title": "Recent posts",
  "items": [
    {
      "title": "Docusaurus搭配Github Pages建置免費個人部落格",
      "permalink": "/blog/2022-12-27-docusaurus-github-pages"
    },
    {
      "title": "Docker Desktop安裝筆記 (Windows版本)",
      "permalink": "/blog/2022-11-7-docker-01"
    },
    {
      "title": "超入門Git筆記 (1)",
      "permalink": "/blog/2022-10-23-git-note-1"
    },
    {
      "title": "GitHub Pages with Jekyll．用Markdown寫Blog",
      "permalink": "/blog/2020-09-10-github-pages-with-Jekyll"
    }
  ]
}