{
  "permalink": "/blog/2020/09/10/2020-09-10-github-pages-with-Jekyll/github-pages-with-Jekyll",
  "editUrl": "https://github.com/facebook/docusaurus/tree/main/packages/create-docusaurus/templates/shared/blog/2020-09-10-github-pages-with-Jekyll/2020-09-10-github-pages-with-Jekyll.md",
  "source": "@site/blog/2020-09-10-github-pages-with-Jekyll/2020-09-10-github-pages-with-Jekyll.md",
  "title": "GitHub Pages with Jekyll．用Markdown寫Blog",
  "description": "由作者 {{ site.author }}  發表於：{{ page.date | date: \"%Y.%m.%d\" }}",
  "date": "2020-09-10T20:00:01.000Z",
  "formattedDate": "September 10, 2020",
  "tags": [],
  "readingTime": 9.41,
  "hasTruncateMarker": false,
  "authors": [],
  "frontMatter": {
    "layout": "default",
    "title": "GitHub Pages with Jekyll．用Markdown寫Blog",
    "date": "2020-09-10T20:00:01.000Z",
    "categories": [
      "Others"
    ]
  },
  "prevItem": {
    "title": "MDX Blog Post",
    "permalink": "/blog/mdx-blog-post"
  },
  "nextItem": {
    "title": "Long Blog Post",
    "permalink": "/blog/long-blog-post"
  }
}