{
  "permalink": "/blog/2022/12/27/docusaurus-github-pages/Docusaurus搭配Github Pages建置免費個人部落格。 3b96ab7d0b5b4fb78a6af2bd08819827",
  "editUrl": "https://github.com/facebook/docusaurus/tree/main/packages/create-docusaurus/templates/shared/blog/2022-12-27-docusaurus-github-pages/Docusaurus搭配Github Pages建置免費個人部落格。 3b96ab7d0b5b4fb78a6af2bd08819827.md",
  "source": "@site/blog/2022-12-27-docusaurus-github-pages/Docusaurus搭配Github Pages建置免費個人部落格。 3b96ab7d0b5b4fb78a6af2bd08819827.md",
  "title": "Docusaurus搭配Github Pages建置免費個人部落格。",
  "description": "先前介紹過一套靜態網站產生器 (Static Site Generator, SSG) — Jekyll，可完美搭配GitHub Pages使用，快速產生個人Blog建置。而今天要介紹另一套高效有趣的靜態網站產生器 — Docusaurus，有著相當可愛的恐龍Logo，他是由Facebook發起的開源專案 (正確說是Meta)。Jekyll使用的是Ruby作為建構基礎，而Docusaurus則是以node.js作為建置核心，若對node.js較為熟悉的朋友則可以快速的上手與使用。",
  "date": "2022-12-27T00:00:00.000Z",
  "formattedDate": "December 27, 2022",
  "tags": [],
  "readingTime": 10.24,
  "hasTruncateMarker": false,
  "authors": [],
  "frontMatter": {},
  "nextItem": {
    "title": "Docker Desktop安裝筆記 (Windows版本)",
    "permalink": "/blog/2022-11-7-docker-01"
  }
}