{
  "permalink": "/blog/mdx-blog-post",
  "editUrl": "https://github.com/facebook/docusaurus/tree/main/packages/create-docusaurus/templates/shared/blog/2021-08-01-mdx-blog-post.mdx",
  "source": "@site/blog/2021-08-01-mdx-blog-post.mdx",
  "title": "MDX Blog Post",
  "description": "Blog posts support Docusaurus Markdown features, such as MDX.",
  "date": "2021-08-01T00:00:00.000Z",
  "formattedDate": "August 1, 2021",
  "tags": [
    {
      "label": "docusaurus",
      "permalink": "/blog/tags/docusaurus"
    }
  ],
  "readingTime": 0.175,
  "hasTruncateMarker": false,
  "authors": [
    {
      "name": "Sébastien Lorber",
      "title": "Docusaurus maintainer",
      "url": "https://sebastienlorber.com",
      "imageURL": "https://github.com/slorber.png",
      "key": "slorber"
    }
  ],
  "frontMatter": {
    "slug": "mdx-blog-post",
    "title": "MDX Blog Post",
    "authors": [
      "slorber"
    ],
    "tags": [
      "docusaurus"
    ]
  },
  "prevItem": {
    "title": "超入門Git筆記 (1)",
    "permalink": "/blog/2022-10-23-git-note-1"
  },
  "nextItem": {
    "title": "GitHub Pages with Jekyll．用Markdown寫Blog",
    "permalink": "/blog/2020-09-10-github-pages-with-Jekyll"
  }
}