{
  "permalink": "/blog/long-blog-post",
  "editUrl": "https://github.com/facebook/docusaurus/tree/main/packages/create-docusaurus/templates/shared/blog/2019-05-29-long-blog-post.md",
  "source": "@site/blog/2019-05-29-long-blog-post.md",
  "title": "Long Blog Post",
  "description": "This is the summary of a very long blog post,",
  "date": "2019-05-29T00:00:00.000Z",
  "formattedDate": "May 29, 2019",
  "tags": [
    {
      "label": "hello",
      "permalink": "/blog/tags/hello"
    },
    {
      "label": "docusaurus",
      "permalink": "/blog/tags/docusaurus"
    }
  ],
  "readingTime": 2.05,
  "hasTruncateMarker": true,
  "authors": [
    {
      "name": "Endilie Yacop Sucipto",
      "title": "Maintainer of Docusaurus",
      "url": "https://github.com/endiliey",
      "imageURL": "https://github.com/endiliey.png",
      "key": "endi"
    }
  ],
  "frontMatter": {
    "slug": "long-blog-post",
    "title": "Long Blog Post",
    "authors": "endi",
    "tags": [
      "hello",
      "docusaurus"
    ]
  },
  "prevItem": {
    "title": "GitHub Pages with Jekyll．用Markdown寫Blog",
    "permalink": "/blog/2020/09/10/github-pages-with-Jekyll"
  }
}