{
  "permalink": "/blog/2022/11/7/2022-11-7-docker-01/docker-01",
  "editUrl": "https://github.com/facebook/docusaurus/tree/main/packages/create-docusaurus/templates/shared/blog/2022-11-7-docker-01/2022-11-7-docker-01.md",
  "source": "@site/blog/2022-11-7-docker-01/2022-11-7-docker-01.md",
  "title": "Docker Desktop安裝筆記 (Windows版本)",
  "description": "由作者 {{ site.author }}  發表於：{{ page.date | date: \"%Y.%m.%d\" }}",
  "date": "2022-11-07T00:00:01.000Z",
  "formattedDate": "November 7, 2022",
  "tags": [],
  "readingTime": 7.215,
  "hasTruncateMarker": false,
  "authors": [],
  "frontMatter": {
    "layout": "default",
    "title": "Docker Desktop安裝筆記 (Windows版本)",
    "date": "2022-11-7 00:00:01+0800",
    "categories": [
      "Docker"
    ]
  },
  "nextItem": {
    "title": "Welcome",
    "permalink": "/blog/welcome"
  }
}