{
  "permalink": "/blog/2022-10-23-git-note-1",
  "editUrl": "https://github.com/facebook/docusaurus/tree/main/packages/create-docusaurus/templates/shared/blog/2022-10-23-git-note-1/index.md",
  "source": "@site/blog/2022-10-23-git-note-1/index.md",
  "title": "超入門Git筆記 (1)",
  "description": "這篇文章並非要撰寫又一篇全新的Git教學，因為網路上已經有很多從基礎關聯開始講解為何需要版控軟體，以及Git與各種集中式管理的版控軟體前輩們的差別，這裡就不去解釋了。",
  "date": "2022-10-23T00:00:00.000Z",
  "formattedDate": "2022年10月23日",
  "tags": [
    {
      "label": "Git",
      "permalink": "/blog/tags/git"
    }
  ],
  "readingTime": 24.155,
  "hasTruncateMarker": false,
  "authors": [
    {
      "name": "雷哥",
      "title": "程式天守閣站長",
      "url": "http://rexmenlin.github.io",
      "imageURL": "https://github.com/rexmenlin.png",
      "key": "rexmenlin"
    }
  ],
  "frontMatter": {
    "slug": "2022-10-23-git-note-1",
    "title": "超入門Git筆記 (1)",
    "authors": [
      "rexmenlin"
    ],
    "tags": [
      "Git"
    ]
  },
  "prevItem": {
    "title": "Docker Desktop安裝筆記 (Windows版本)",
    "permalink": "/blog/2022-11-7-docker-01"
  },
  "nextItem": {
    "title": "GitHub Pages with Jekyll．用Markdown寫Blog",
    "permalink": "/blog/2020-09-10-github-pages-with-Jekyll"
  }
}