{
  "permalink": "/blog/2020-09-10-github-pages-with-Jekyll",
  "editUrl": "https://github.com/facebook/docusaurus/tree/main/packages/create-docusaurus/templates/shared/blog/2020-09-10-github-pages-with-Jekyll/index.md",
  "source": "@site/blog/2020-09-10-github-pages-with-Jekyll/index.md",
  "title": "GitHub Pages with Jekyll．用Markdown寫Blog",
  "description": "什麼是GitHub Pages",
  "date": "2020-09-10T00:00:00.000Z",
  "formattedDate": "2020年9月10日",
  "tags": [
    {
      "label": "SSG",
      "permalink": "/blog/tags/ssg"
    }
  ],
  "readingTime": 9.26,
  "hasTruncateMarker": false,
  "authors": [
    {
      "name": "雷哥",
      "title": "程式天守閣站長",
      "url": "http://rexmenlin.github.io",
      "imageURL": "https://github.com/rexmenlin.png",
      "key": "rexmenlin"
    }
  ],
  "frontMatter": {
    "slug": "2020-09-10-github-pages-with-Jekyll",
    "title": "GitHub Pages with Jekyll．用Markdown寫Blog",
    "authors": [
      "rexmenlin"
    ],
    "tags": [
      "SSG"
    ]
  },
  "prevItem": {
    "title": "超入門Git筆記 (1)",
    "permalink": "/blog/2022-10-23-git-note-1"
  }
}