{
  "permalink": "/blog/2022/10/23/2022-10-23-git-note-1/git-note-1",
  "editUrl": "https://github.com/facebook/docusaurus/tree/main/packages/create-docusaurus/templates/shared/blog/2022-10-23-git-note-1/2022-10-23-git-note-1.md",
  "source": "@site/blog/2022-10-23-git-note-1/2022-10-23-git-note-1.md",
  "title": "超入門Git筆記 (1)",
  "description": "由作者 {{ site.author }}  發表於：{{ page.date | date: \"%Y.%m.%d\" }}",
  "date": "2022-10-24T15:23:01.000Z",
  "formattedDate": "October 24, 2022",
  "tags": [],
  "readingTime": 24.3,
  "hasTruncateMarker": false,
  "authors": [],
  "frontMatter": {
    "layout": "default",
    "title": "超入門Git筆記 (1)",
    "date": "2022-10-24 15:23:01+0800",
    "categories": [
      "Git"
    ]
  },
  "prevItem": {
    "title": "Docker Desktop安裝筆記 (Windows版本)",
    "permalink": "/blog/2022-11-7-docker-01"
  },
  "nextItem": {
    "title": "Welcome",
    "permalink": "/blog/welcome"
  }
}