{
  "permalink": "/blog/2022-11-7-docker-01",
  "editUrl": "https://github.com/facebook/docusaurus/tree/main/packages/create-docusaurus/templates/shared/blog/2022-11-7-docker-01/index.md",
  "source": "@site/blog/2022-11-7-docker-01/index.md",
  "title": "Docker Desktop安裝筆記 (Windows版本)",
  "description": "使用Docker時，無論你使用Windows或macOS，多少都會聽說過要安裝具備UI功能的Docker Desktop。雖然前先日子Docker開始提出了Docker Desktop的收費方案，但是對於個人使用而言是仍不受影響的。對於想要使用Pro功能的個人、團隊開發或大型企業而言，若有需要，則需使用付費方案來繼續獲取Docker Desktop的使用授權。",
  "date": "2022-11-07T00:00:00.000Z",
  "formattedDate": "2022年11月7日",
  "tags": [
    {
      "label": "Docker",
      "permalink": "/blog/tags/docker"
    }
  ],
  "readingTime": 7.06,
  "hasTruncateMarker": false,
  "authors": [
    {
      "name": "雷哥",
      "title": "程式天守閣站長",
      "url": "http://rexmenlin.github.io",
      "imageURL": "https://github.com/rexmenlin.png",
      "key": "rexmenlin"
    }
  ],
  "frontMatter": {
    "slug": "2022-11-7-docker-01",
    "title": "Docker Desktop安裝筆記 (Windows版本)",
    "authors": [
      "rexmenlin"
    ],
    "tags": [
      "Docker"
    ]
  },
  "prevItem": {
    "title": "Docusaurus搭配Github Pages建置免費個人部落格",
    "permalink": "/blog/2022-12-27-docusaurus-github-pages"
  },
  "nextItem": {
    "title": "超入門Git筆記 (1)",
    "permalink": "/blog/2022-10-23-git-note-1"
  }
}