{
  "permalink": "/blog/welcome",
  "editUrl": "https://github.com/facebook/docusaurus/tree/main/packages/create-docusaurus/templates/shared/blog/2021-08-26-welcome/index.md",
  "source": "@site/blog/2021-08-26-welcome/index.md",
  "title": "Welcome",
  "description": "Docusaurus blogging features are powered by the blog plugin.",
  "date": "2021-08-26T00:00:00.000Z",
  "formattedDate": "August 26, 2021",
  "tags": [
    {
      "label": "facebook",
      "permalink": "/blog/tags/facebook"
    },
    {
      "label": "hello",
      "permalink": "/blog/tags/hello"
    },
    {
      "label": "docusaurus",
      "permalink": "/blog/tags/docusaurus"
    }
  ],
  "readingTime": 0.405,
  "hasTruncateMarker": false,
  "authors": [
    {
      "name": "Sébastien Lorber",
      "title": "Docusaurus maintainer",
      "url": "https://sebastienlorber.com",
      "imageURL": "https://github.com/slorber.png",
      "key": "slorber"
    },
    {
      "name": "Yangshun Tay",
      "title": "Front End Engineer @ Facebook",
      "url": "https://github.com/yangshun",
      "imageURL": "https://github.com/yangshun.png",
      "key": "yangshun"
    }
  ],
  "frontMatter": {
    "slug": "welcome",
    "title": "Welcome",
    "authors": [
      "slorber",
      "yangshun"
    ],
    "tags": [
      "facebook",
      "hello",
      "docusaurus"
    ]
  },
  "prevItem": {
    "title": "超入門Git筆記 (1)",
    "permalink": "/blog/2022/10/23/git-note-1"
  },
  "nextItem": {
    "title": "MDX Blog Post",
    "permalink": "/blog/mdx-blog-post"
  }
}